{"DOUGLAS":10316.999999999998,"OAKLAND":1738.8,"FULLER PARK":6192.7,"GRAND BOULEVARD":9706.099999999997,"KENWOOD":7905.099999999999,"LINCOLN SQUARE":15522.499999999998,"WASHINGTON PARK":8599.399999999998,"HYDE PARK":12098.699999999997,"WOODLAWN":18125.3,"ROGERS PARK":12080.000000000004,"JEFFERSON PARK":9791.6,"FOREST GLEN":1202.5999999999997,"NORTH PARK":7804.599999999999,"ALBANY PARK":11909.100000000004,"PORTAGE PARK":14565.299999999992,"IRVING PARK":15160.499999999996,"DUNNING":7445.600000000002,"MONTCLARE":2758,"BELMONT CRAGIN":18362.199999999997,"WEST RIDGE":10437.900000000007,"HERMOSA":4063,"AVONDALE":15656.9,"LOGAN SQUARE":24220.000000000004,"HUMBOLDT PARK":22009.50000000001,"WEST TOWN":38446.400000000045,"AUSTIN":39861.30000000002,"WEST GARFIELD PARK":9724.600000000002,"EAST GARFIELD PARK":11420.299999999997,"NEAR WEST SIDE":52786.50000000004,"NORTH LAWNDALE":17387.699999999993,"UPTOWN":23469.699999999993,"SOUTH LAWNDALE":12922.399999999994,"LOWER WEST SIDE":12759.200000000006,"NEAR SOUTH SIDE":10575.799999999997,"ARMOUR SQUARE":5461.100000000001,"NORWOOD PARK":3234.299999999999,"NEAR NORTH SIDE":51429.999999999985,"LOOP":71560.40000000002,"SOUTH SHORE":23001.3,"CHATHAM":23112.900000000005,"AVALON PARK":4850.4,"SOUTH CHICAGO":10199.1,"BURNSIDE":1316.8000000000004,"MCKINLEY PARK":5726.300000000002,"LAKE VIEW":39610.100000000006,"CALUMET HEIGHTS":5388.999999999999,"ROSELAND":24109.999999999993,"NORTH CENTER":11756.599999999999,"PULLMAN":2422.7,"SOUTH DEERING":3994.2999999999993,"EAST SIDE":1536.1999999999998,"WEST PULLMAN":5236,"RIVERDALE":1507.9,"HEGEWISCH":579.2000000000002,"GARFIELD RIDGE":8149.100000000001,"ARCHER HEIGHTS":5499.5,"BRIGHTON PARK":10816.799999999997,"BRIDGEPORT":7310.700000000001,"NEW CITY":15535.699999999999,"WEST ELSDON":1671.7000000000003,"GAGE PARK":6631.600000000002,"CLEARING":1442,"WEST LAWN":5816.000000000001,"CHICAGO LAWN":14718.2,"WEST ENGLEWOOD":17409.199999999993,"ENGLEWOOD":17269.500000000004,"GREATER GRAND CROSSING":28411.000000000025,"LINCOLN PARK":24825.899999999994,"ASHBURN":8567.300000000005,"AUBURN GRESHAM":21186.50000000001,"BEVERLY":1359.5,"WASHINGTON HEIGHTS":8755.900000000001,"MOUNT GREENWOOD":1726.8999999999994,"MORGAN PARK":2844.7000000000003,"OHARE":818.6999999999999,"EDGEWATER":18480.900000000005,"EDISON PARK":460.40000000000003}