{"ROGERS PARK":19113.6,"EDGEWATER":13847.9,"UPTOWN":13090.5,"LAKE VIEW":43272.3,"LINCOLN PARK":21278.8,"NEAR NORTH SIDE":60037.2,"LOOP":143209,"NEAR SOUTH SIDE":11993.5,"ARMOUR SQUARE":9854.9,"FULLER PARK":7555.8,"ENGLEWOOD":4727,"GREATER GRAND CROSSING":6218,"CHATHAM":12993.400000000001,"ROSELAND":13389.7,"undefined":40717.49999999999,"OHARE":15712.5,"NORWOOD PARK":3319,"JEFFERSON PARK":7215.9,"IRVING PARK":10397.5,"AVONDALE":5707.1,"LOGAN SQUARE":17741.3,"WEST TOWN":20084.2,"NEAR WEST SIDE":33487.799999999996,"EAST GARFIELD PARK":6326.4,"WEST GARFIELD PARK":4392.6,"AUSTIN":9453.300000000001,"LOWER WEST SIDE":6570.1,"SOUTH LAWNDALE":1560.8,"NORTH LAWNDALE":4390.400000000001,"DOUGLAS":2690.9,"GRAND BOULEVARD":4968.700000000001,"WASHINGTON PARK":1460.6,"WOODLAWN":2127.4,"WEST ENGLEWOOD":1634,"ALBANY PARK":8230.5,"LINCOLN SQUARE":11888.5,"NORTH CENTER":6009.1,"GARFIELD RIDGE":9822.1,"WEST ELSDON":5879.3,"BRIGHTON PARK":3673.4,"GAGE PARK":4059.4,"MCKINLEY PARK":3327.6,"BRIDGEPORT":3121.9}